{
"lengthUnit": "mil",
"components": {
	"fields": ["COMPONENT_NO", "COMPONENT_NAME", "LAYER", "X_COORDINATE", "Y_COORDINATE", "ANGLE"],
	"rows": [
		[1, "C1", "T", -3543.31, 1259.84, 0],
		[2, "C2", "T", -2598.43, 1259.84, 0],
		[3, "C3", "T", 2598.43, 1367.45, 180],
		[4, "C4", "T", 3543.31, 1360, 180],
		[5, "D1", "T", 866.14, 360, 0],
		[6, "D2", "T", 866.14, 160, 0],
		[7, "D3", "T", 861.14, -35, 0],
		[8, "ENCODER1", "T", -3070.87, 1496.06, 0],
		[9, "ENCODER2", "T", 3070.87, 1496.06, 0],
		[10, "Key1", "T", -3937.01, 177.17, 0],
		[11, "Key2", "T", -2539.37, 354.33, 0],
		[12, "Key3", "T", -3149.61, -433.07, 0],
		[13, "Key4", "T", -2362.2, -433.07, 0],
		[14, "Key5", "T", -1574.8, -433.07, 0],
		[15, "Key6", "T", -1181.1, -1220.47, 0],
		[16, "Key7", "T", 1181.1, -1220.47, 0],
		[17, "Key8", "T", 1574.8, -433.07, 0],
		[18, "Key9", "T", 2362.2, -433.07, 0],
		[19, "Key10", "T", 3149.61, -433.07, 0],
		[20, "Key11", "T", 2539.37, 354.33, 0],
		[21, "Key12", "T", 3937.01, 177.17, 0],
		[22, "R1", "T", -4200, 920, 0],
		[23, "R2", "T", -3217.4, 135, 180],
		[24, "R3", "T", -3710, -655, 180],
		[25, "R4", "T", -2610, -1102.36, 270],
		[26, "R5", "T", -1945, -1090, 270],
		[27, "R6", "T", -2205, -1295, 180],
		[28, "R7", "T", -3543.31, 1574.8, 180],
		[29, "R8", "T", -2598.43, 1574.8, 180],
		[30, "R9", "T", 2598.43, 1700, 180],
		[31, "R10", "T", 3543.31, 1695, 0],
		[32, "SW1", "T", -3425.2, -1653.54, 0],
		[33, "SW2", "T", -2795.28, -1653.54, 0],
		[34, "SW3", "T", -2165.35, -1653.54, 0],
		[35, "SW4", "T", 2165.35, -1653.54, 0],
		[36, "SW5", "T", 2795.28, -1653.54, 0],
		[37, "SW6", "T", 3425.2, -1653.54, 0],
		[38, "U1", "B", 0, 257.87, 180],
		[39, "U2", "T", 0, 1023.62, 0]
	]
},
"pins": {
	"fields": ["PIN_NO", "PIN_NAME", "PIN_X", "PIN_Y", "LAYER", "PIN_TYPE", "NET_NAME", "NET_TYPE", "PAD_SHAPE", "PAD_SIZEX", "PAD_SIZEY", "HOLE_SIZE", "PAD_ANGLE"],
	"rows": [
		[1, "C1_1", -3582.68, 1259.84, "T", "SMD", "ECR1A", "", "R", 55.51, 53.15, 0, 0],
		[2, "C1_2", -3503.94, 1259.84, "T", "SMD", "AGND", "", "R", 55.51, 53.15, 0, 0],
		[3, "C2_1", -2637.8, 1259.84, "T", "SMD", "AGND", "", "R", 55.51, 53.15, 0, 0],
		[4, "C2_2", -2559.06, 1259.84, "T", "SMD", "ECR1B", "", "R", 55.51, 53.15, 0, 0],
		[5, "C3_1", 2637.8, 1367.45, "T", "SMD", "ECR2A", "", "R", 55.51, 53.15, 0, 180],
		[6, "C3_2", 2559.06, 1367.45, "T", "SMD", "AGND", "", "R", 55.51, 53.15, 0, 180],
		[7, "C4_1", 3582.68, 1360, "T", "SMD", "AGND", "", "R", 55.51, 53.15, 0, 180],
		[8, "C4_2", 3503.94, 1360, "T", "SMD", "ECR2B", "", "R", 55.51, 53.15, 0, 180],
		[9, "D1_1", 765.14, 360, "T", "SMD", "KO1", "", "R", 80.57, 63.78, 0, 0],
		[10, "D1_2", 967.14, 360, "T", "SMD", "$1N6551", "", "R", 80.57, 63.78, 0, 0],
		[11, "D2_1", 765.14, 160, "T", "SMD", "KO2", "", "R", 80.57, 63.78, 0, 0],
		[12, "D2_2", 967.14, 160, "T", "SMD", "$1N1489", "", "R", 80.57, 63.78, 0, 0],
		[13, "D3_1", 760.14, -35, "T", "SMD", "KO3", "", "R", 80.57, 63.78, 0, 0],
		[14, "D3_2", 962.14, -35, "T", "SMD", "$1N1479", "", "R", 80.57, 63.78, 0, 0],
		[15, "ENCODER1_6", -2854.33, 1505.91, "T", "DIP", "ENCODER1_6", "", "O", 157.48, 90.55, 118.11, 90],
		[16, "ENCODER1_6", -2854.33, 1505.91, "B", "DIP", "ENCODER1_6", "", "O", 157.48, 90.55, 118.11, 90],
		[17, "ENCODER1_7", -3287.4, 1505.91, "T", "DIP", "ENCODER1_7", "", "O", 157.48, 90.55, 118.11, 90],
		[18, "ENCODER1_7", -3287.4, 1505.91, "B", "DIP", "ENCODER1_7", "", "O", 157.48, 90.55, 118.11, 90],
		[19, "ENCODER1_A", -3170.87, 1210.63, "T", "DIP", "ECR1A", "", "C", 70.87, 70.87, 51.18, 0],
		[20, "ENCODER1_A", -3170.87, 1210.63, "B", "DIP", "ECR1A", "", "C", 70.87, 70.87, 51.18, 0],
		[21, "ENCODER1_B", -2970.87, 1210.63, "T", "DIP", "ECR1B", "", "C", 70.87, 70.87, 51.18, 0],
		[22, "ENCODER1_B", -2970.87, 1210.63, "B", "DIP", "ECR1B", "", "C", 70.87, 70.87, 51.18, 0],
		[23, "ENCODER1_C", -3070.87, 1210.63, "T", "DIP", "AGND", "", "C", 70.87, 70.87, 51.18, 0],
		[24, "ENCODER1_C", -3070.87, 1210.63, "B", "DIP", "AGND", "", "C", 70.87, 70.87, 51.18, 0],
		[25, "ENCODER1_D", -3170.87, 1781.5, "T", "DIP", "$1N4818", "", "C", 70.87, 70.87, 51.18, 0],
		[26, "ENCODER1_D", -3170.87, 1781.5, "B", "DIP", "$1N4818", "", "C", 70.87, 70.87, 51.18, 0],
		[27, "ENCODER1_E", -2970.87, 1781.5, "T", "DIP", "ENCODER1_E", "", "C", 70.87, 70.87, 51.18, 0],
		[28, "ENCODER1_E", -2970.87, 1781.5, "B", "DIP", "ENCODER1_E", "", "C", 70.87, 70.87, 51.18, 0],
		[29, "ENCODER2_6", 3287.4, 1505.91, "T", "DIP", "ENCODER2_6", "", "O", 157.48, 90.55, 118.11, 90],
		[30, "ENCODER2_6", 3287.4, 1505.91, "B", "DIP", "ENCODER2_6", "", "O", 157.48, 90.55, 118.11, 90],
		[31, "ENCODER2_7", 2854.33, 1505.91, "T", "DIP", "ENCODER2_7", "", "O", 157.48, 90.55, 118.11, 90],
		[32, "ENCODER2_7", 2854.33, 1505.91, "B", "DIP", "ENCODER2_7", "", "O", 157.48, 90.55, 118.11, 90],
		[33, "ENCODER2_A", 2970.86, 1210.63, "T", "DIP", "ECR2A", "", "C", 70.87, 70.87, 51.18, 0],
		[34, "ENCODER2_A", 2970.86, 1210.63, "B", "DIP", "ECR2A", "", "C", 70.87, 70.87, 51.18, 0],
		[35, "ENCODER2_B", 3170.86, 1210.63, "T", "DIP", "ECR2B", "", "C", 70.87, 70.87, 51.18, 0],
		[36, "ENCODER2_B", 3170.86, 1210.63, "B", "DIP", "ECR2B", "", "C", 70.87, 70.87, 51.18, 0],
		[37, "ENCODER2_C", 3070.86, 1210.63, "T", "DIP", "AGND", "", "C", 70.87, 70.87, 51.18, 0],
		[38, "ENCODER2_C", 3070.86, 1210.63, "B", "DIP", "AGND", "", "C", 70.87, 70.87, 51.18, 0],
		[39, "ENCODER2_D", 2970.86, 1781.5, "T", "DIP", "$1N3529", "", "C", 70.87, 70.87, 51.18, 0],
		[40, "ENCODER2_D", 2970.86, 1781.5, "B", "DIP", "$1N3529", "", "C", 70.87, 70.87, 51.18, 0],
		[41, "ENCODER2_E", 3170.86, 1781.5, "T", "DIP", "$1N3544", "", "C", 70.87, 70.87, 51.18, 0],
		[42, "ENCODER2_E", 3170.86, 1781.5, "B", "DIP", "$1N3544", "", "C", 70.87, 70.87, 51.18, 0],
		[43, "Key1_1", -4175.81, -22.83, "B", "SMD", "KI1", "", "R", 100.4, 100.4, 0, 180],
		[44, "Key1_2", -3648.21, 77.17, "B", "SMD", "$1N1479", "", "R", 100.4, 100.4, 0, 180],
		[45, "Key2_1", -2778.17, 154.33, "B", "SMD", "KI2", "", "R", 100.4, 100.4, 0, 180],
		[46, "Key2_2", -2250.57, 254.33, "B", "SMD", "$1N1479", "", "R", 100.4, 100.4, 0, 180],
		[47, "Key3_1", -3388.41, -633.07, "B", "SMD", "KI3", "", "R", 100.4, 100.4, 0, 180],
		[48, "Key3_2", -2860.81, -533.07, "B", "SMD", "$1N1479", "", "R", 100.4, 100.4, 0, 180],
		[49, "Key4_1", -2601, -633.07, "B", "SMD", "KI4", "", "R", 100.4, 100.4, 0, 180],
		[50, "Key4_2", -2073.4, -533.07, "B", "SMD", "$1N1479", "", "R", 100.4, 100.4, 0, 180],
		[51, "Key5_1", -1813.6, -633.07, "B", "SMD", "KI5", "", "R", 100.4, 100.4, 0, 180],
		[52, "Key5_2", -1286, -533.07, "B", "SMD", "$1N1479", "", "R", 100.4, 100.4, 0, 180],
		[53, "Key6_1", -1419.9, -1420.47, "B", "SMD", "KI6", "", "R", 100.4, 100.4, 0, 180],
		[54, "Key6_2", -892.3, -1320.47, "B", "SMD", "$1N1479", "", "R", 100.4, 100.4, 0, 180],
		[55, "Key7_1", 942.3, -1420.47, "B", "SMD", "KI1", "", "R", 100.4, 100.4, 0, 180],
		[56, "Key7_2", 1469.9, -1320.47, "B", "SMD", "$1N1489", "", "R", 100.4, 100.4, 0, 180],
		[57, "Key8_1", 1336, -633.07, "B", "SMD", "KI2", "", "R", 100.4, 100.4, 0, 180],
		[58, "Key8_2", 1863.6, -533.07, "B", "SMD", "$1N1489", "", "R", 100.4, 100.4, 0, 180],
		[59, "Key9_1", 2123.4, -633.07, "B", "SMD", "KI3", "", "R", 100.4, 100.4, 0, 180],
		[60, "Key9_2", 2651, -533.07, "B", "SMD", "$1N1489", "", "R", 100.4, 100.4, 0, 180],
		[61, "Key10_1", 2910.81, -633.07, "B", "SMD", "KI4", "", "R", 100.4, 100.4, 0, 180],
		[62, "Key10_2", 3438.41, -533.07, "B", "SMD", "$1N1489", "", "R", 100.4, 100.4, 0, 180],
		[63, "Key11_1", 2300.57, 154.33, "B", "SMD", "KI5", "", "R", 100.4, 100.4, 0, 180],
		[64, "Key11_2", 2828.17, 254.33, "B", "SMD", "$1N1489", "", "R", 100.4, 100.4, 0, 180],
		[65, "Key12_1", 3698.21, -22.83, "B", "SMD", "KI6", "", "R", 100.4, 100.4, 0, 180],
		[66, "Key12_2", 4225.81, 77.17, "B", "SMD", "$1N1489", "", "R", 100.4, 100.4, 0, 180],
		[67, "R1_1", -4239.37, 920, "T", "SMD", "KI1", "", "R", 44.59, 54.21, 0, 0],
		[68, "R1_2", -4160.63, 920, "T", "SMD", "VCC", "", "R", 44.59, 54.21, 0, 0],
		[69, "R2_1", -3178.03, 135, "T", "SMD", "KI2", "", "R", 44.59, 54.21, 0, 180],
		[70, "R2_2", -3256.77, 135, "T", "SMD", "VCC", "", "R", 44.59, 54.21, 0, 180],
		[71, "R3_1", -3670.63, -655, "T", "SMD", "KI3", "", "R", 44.59, 54.21, 0, 180],
		[72, "R3_2", -3749.37, -655, "T", "SMD", "VCC", "", "R", 44.59, 54.21, 0, 180],
		[73, "R4_1", -2610, -1062.99, "T", "SMD", "KI4", "", "R", 44.59, 54.21, 0, 270],
		[74, "R4_2", -2610, -1141.73, "T", "SMD", "VCC", "", "R", 44.59, 54.21, 0, 270],
		[75, "R5_1", -1945, -1050.63, "T", "SMD", "KI5", "", "R", 44.59, 54.21, 0, 270],
		[76, "R5_2", -1945, -1129.37, "T", "SMD", "VCC", "", "R", 44.59, 54.21, 0, 270],
		[77, "R6_1", -2165.63, -1295, "T", "SMD", "KI6", "", "R", 44.59, 54.21, 0, 180],
		[78, "R6_2", -2244.37, -1295, "T", "SMD", "VCC", "", "R", 44.59, 54.21, 0, 180],
		[79, "R7_1", -3503.94, 1574.8, "T", "SMD", "ECR1A", "", "R", 44.59, 54.21, 0, 180],
		[80, "R7_2", -3582.68, 1574.8, "T", "SMD", "VCC", "", "R", 44.59, 54.21, 0, 180],
		[81, "R8_1", -2559.06, 1574.8, "T", "SMD", "VCC", "", "R", 44.59, 54.21, 0, 180],
		[82, "R8_2", -2637.8, 1574.8, "T", "SMD", "ECR1B", "", "R", 44.59, 54.21, 0, 180],
		[83, "R9_1", 2637.8, 1700, "T", "SMD", "ECR2A", "", "R", 44.59, 54.21, 0, 180],
		[84, "R9_2", 2559.06, 1700, "T", "SMD", "VCC", "", "R", 44.59, 54.21, 0, 180],
		[85, "R10_1", 3503.94, 1695, "T", "SMD", "ECR2B", "", "R", 44.59, 54.21, 0, 0],
		[86, "R10_2", 3582.68, 1695, "T", "SMD", "VCC", "", "R", 44.59, 54.21, 0, 0],
		[87, "SW1_1", -3604.33, -1564.96, "T", "SMD", "KI1", "", "R", 90.55, 59.05, 0, 0],
		[88, "SW1_2", -3246.07, -1564.97, "T", "SMD", "SW1_2", "", "R", 90.55, 59.05, 0, 0],
		[89, "SW1_3", -3604.33, -1742.13, "T", "SMD", "SW1_3", "", "R", 90.55, 59.05, 0, 0],
		[90, "SW1_4", -3246.07, -1742.13, "T", "SMD", "$1N6551", "", "R", 90.55, 59.05, 0, 0],
		[91, "SW2_1", -2974.41, -1564.96, "T", "SMD", "KI2", "", "R", 90.55, 59.05, 0, 0],
		[92, "SW2_2", -2616.15, -1564.97, "T", "SMD", "SW2_2", "", "R", 90.55, 59.05, 0, 0],
		[93, "SW2_3", -2974.41, -1742.13, "T", "SMD", "SW2_3", "", "R", 90.55, 59.05, 0, 0],
		[94, "SW2_4", -2616.15, -1742.13, "T", "SMD", "$1N6551", "", "R", 90.55, 59.05, 0, 0],
		[95, "SW3_1", -2344.48, -1564.96, "T", "SMD", "KI3", "", "R", 90.55, 59.05, 0, 0],
		[96, "SW3_2", -1986.22, -1564.97, "T", "SMD", "SW3_2", "", "R", 90.55, 59.05, 0, 0],
		[97, "SW3_3", -2344.48, -1742.13, "T", "SMD", "SW3_3", "", "R", 90.55, 59.05, 0, 0],
		[98, "SW3_4", -1986.22, -1742.13, "T", "SMD", "$1N6551", "", "R", 90.55, 59.05, 0, 0],
		[99, "SW4_1", 1986.22, -1564.96, "T", "SMD", "KI4", "", "R", 90.55, 59.05, 0, 0],
		[100, "SW4_2", 2344.48, -1564.97, "T", "SMD", "SW4_2", "", "R", 90.55, 59.05, 0, 0],
		[101, "SW4_3", 1986.22, -1742.13, "T", "SMD", "SW4_3", "", "R", 90.55, 59.05, 0, 0],
		[102, "SW4_4", 2344.48, -1742.13, "T", "SMD", "$1N6551", "", "R", 90.55, 59.05, 0, 0],
		[103, "SW5_1", 2616.15, -1564.96, "T", "SMD", "KI5", "", "R", 90.55, 59.05, 0, 0],
		[104, "SW5_2", 2974.41, -1564.97, "T", "SMD", "SW5_2", "", "R", 90.55, 59.05, 0, 0],
		[105, "SW5_3", 2616.15, -1742.13, "T", "SMD", "SW5_3", "", "R", 90.55, 59.05, 0, 0],
		[106, "SW5_4", 2974.41, -1742.13, "T", "SMD", "$1N6551", "", "R", 90.55, 59.05, 0, 0],
		[107, "SW6_1", 3246.07, -1564.96, "T", "SMD", "KI6", "", "R", 90.55, 59.05, 0, 0],
		[108, "SW6_2", 3604.33, -1564.97, "T", "SMD", "SW6_2", "", "R", 90.55, 59.05, 0, 0],
		[109, "SW6_3", 3246.07, -1742.13, "T", "SMD", "SW6_3", "", "R", 90.55, 59.05, 0, 0],
		[110, "SW6_4", 3604.33, -1742.13, "T", "SMD", "$1N6551", "", "R", 90.55, 59.05, 0, 0],
		[111, "U1_1", 295.28, -292.13, "T", "DIP", "ECR2B", "", "C", 62.99, 62.99, 39.37, 180],
		[112, "U1_1", 295.28, -292.13, "B", "DIP", "ECR2B", "", "C", 62.99, 62.99, 39.37, 180],
		[113, "U1_2", 295.28, -192.13, "T", "DIP", "ECR2A", "", "C", 62.99, 62.99, 39.37, 180],
		[114, "U1_2", 295.28, -192.13, "B", "DIP", "ECR2A", "", "C", 62.99, 62.99, 39.37, 180],
		[115, "U1_3", 295.28, -92.13, "T", "DIP", "U1_3", "", "C", 62.99, 62.99, 39.37, 180],
		[116, "U1_3", 295.28, -92.13, "B", "DIP", "U1_3", "", "C", 62.99, 62.99, 39.37, 180],
		[117, "U1_4", 295.28, 7.87, "T", "DIP", "KO3", "", "C", 62.99, 62.99, 39.37, 180],
		[118, "U1_4", 295.28, 7.87, "B", "DIP", "KO3", "", "C", 62.99, 62.99, 39.37, 180],
		[119, "U1_5", 295.28, 107.87, "T", "DIP", "KO2", "", "C", 62.99, 62.99, 39.37, 180],
		[120, "U1_5", 295.28, 107.87, "B", "DIP", "KO2", "", "C", 62.99, 62.99, 39.37, 180],
		[121, "U1_6", 295.28, 207.87, "T", "DIP", "KO1", "", "C", 62.99, 62.99, 39.37, 180],
		[122, "U1_6", 295.28, 207.87, "B", "DIP", "KO1", "", "C", 62.99, 62.99, 39.37, 180],
		[123, "U1_7", 295.28, 307.87, "T", "DIP", "ECR1B", "", "C", 62.99, 62.99, 39.37, 180],
		[124, "U1_7", 295.28, 307.87, "B", "DIP", "ECR1B", "", "C", 62.99, 62.99, 39.37, 180],
		[125, "U1_8", 295.28, 407.87, "T", "DIP", "ECR1A", "", "C", 62.99, 62.99, 39.37, 180],
		[126, "U1_8", 295.28, 407.87, "B", "DIP", "ECR1A", "", "C", 62.99, 62.99, 39.37, 180],
		[127, "U1_9", 295.28, 507.87, "T", "DIP", "U1_9", "", "C", 62.99, 62.99, 39.37, 180],
		[128, "U1_9", 295.28, 507.87, "B", "DIP", "U1_9", "", "C", 62.99, 62.99, 39.37, 180],
		[129, "U1_10", 295.28, 607.87, "T", "DIP", "AGND", "", "C", 62.99, 62.99, 39.37, 180],
		[130, "U1_10", 295.28, 607.87, "B", "DIP", "AGND", "", "C", 62.99, 62.99, 39.37, 180],
		[131, "U1_11", 295.28, 707.87, "T", "DIP", "U1_11", "", "C", 62.99, 62.99, 39.37, 180],
		[132, "U1_11", 295.28, 707.87, "B", "DIP", "U1_11", "", "C", 62.99, 62.99, 39.37, 180],
		[133, "U1_12", 295.28, 807.87, "T", "DIP", "U1_12", "", "C", 62.99, 62.99, 39.37, 180],
		[134, "U1_12", 295.28, 807.87, "B", "DIP", "U1_12", "", "C", 62.99, 62.99, 39.37, 180],
		[135, "U1_13", -295.28, -292.13, "T", "DIP", "KI1", "", "C", 62.99, 62.99, 39.37, 180],
		[136, "U1_13", -295.28, -292.13, "B", "DIP", "KI1", "", "C", 62.99, 62.99, 39.37, 180],
		[137, "U1_14", -295.28, -192.13, "T", "DIP", "KI4", "", "C", 62.99, 62.99, 39.37, 180],
		[138, "U1_14", -295.28, -192.13, "B", "DIP", "KI4", "", "C", 62.99, 62.99, 39.37, 180],
		[139, "U1_15", -295.28, -92.13, "T", "DIP", "KI2", "", "C", 62.99, 62.99, 39.37, 180],
		[140, "U1_15", -295.28, -92.13, "B", "DIP", "KI2", "", "C", 62.99, 62.99, 39.37, 180],
		[141, "U1_16", -295.28, 7.87, "T", "DIP", "KI3", "", "C", 62.99, 62.99, 39.37, 180],
		[142, "U1_16", -295.28, 7.87, "B", "DIP", "KI3", "", "C", 62.99, 62.99, 39.37, 180],
		[143, "U1_17", -295.28, 107.87, "T", "DIP", "POT1", "", "C", 62.99, 62.99, 39.37, 180],
		[144, "U1_17", -295.28, 107.87, "B", "DIP", "POT1", "", "C", 62.99, 62.99, 39.37, 180],
		[145, "U1_18", -295.28, 207.87, "T", "DIP", "POT2", "", "C", 62.99, 62.99, 39.37, 180],
		[146, "U1_18", -295.28, 207.87, "B", "DIP", "POT2", "", "C", 62.99, 62.99, 39.37, 180],
		[147, "U1_19", -295.28, 307.87, "T", "DIP", "KI5", "", "C", 62.99, 62.99, 39.37, 180],
		[148, "U1_19", -295.28, 307.87, "B", "DIP", "KI5", "", "C", 62.99, 62.99, 39.37, 180],
		[149, "U1_20", -295.28, 407.87, "T", "DIP", "KI6", "", "C", 62.99, 62.99, 39.37, 180],
		[150, "U1_20", -295.28, 407.87, "B", "DIP", "KI6", "", "C", 62.99, 62.99, 39.37, 180],
		[151, "U1_21", -295.28, 507.87, "T", "DIP", "VCC", "", "C", 62.99, 62.99, 39.37, 180],
		[152, "U1_21", -295.28, 507.87, "B", "DIP", "VCC", "", "C", 62.99, 62.99, 39.37, 180],
		[153, "U1_22", -295.28, 607.87, "T", "DIP", "U1_22", "", "C", 62.99, 62.99, 39.37, 180],
		[154, "U1_22", -295.28, 607.87, "B", "DIP", "U1_22", "", "C", 62.99, 62.99, 39.37, 180],
		[155, "U1_23", -295.28, 707.87, "T", "DIP", "U1_23", "", "C", 62.99, 62.99, 39.37, 180],
		[156, "U1_23", -295.28, 707.87, "B", "DIP", "U1_23", "", "C", 62.99, 62.99, 39.37, 180],
		[157, "U1_24", -295.28, 807.87, "T", "DIP", "U1_24", "", "C", 62.99, 62.99, 39.37, 180],
		[158, "U1_24", -295.28, 807.87, "B", "DIP", "U1_24", "", "C", 62.99, 62.99, 39.37, 180],
		[159, "U2_1", -1376.97, 1072.83, "T", "DIP", "AGND", "", "C", 70.87, 70.87, 39.37, 0],
		[160, "U2_1", -1376.97, 1072.83, "B", "DIP", "AGND", "", "C", 70.87, 70.87, 39.37, 0],
		[161, "U2_2", -1376.97, 1171.26, "T", "DIP", "POT1", "", "C", 66.93, 66.93, 39.37, 0],
		[162, "U2_2", -1376.97, 1171.26, "B", "DIP", "POT1", "", "C", 66.93, 66.93, 39.37, 0],
		[163, "U2_3", 1378.94, 1122.05, "T", "DIP", "VCC", "", "C", 66.93, 66.93, 39.37, 0],
		[164, "U2_3", 1378.94, 1122.05, "B", "DIP", "VCC", "", "C", 66.93, 66.93, 39.37, 0],
		[165, "U2_4", -1376.97, 875.98, "T", "DIP", "AGND", "", "C", 66.93, 66.93, 39.37, 0],
		[166, "U2_4", -1376.97, 875.98, "B", "DIP", "AGND", "", "C", 66.93, 66.93, 39.37, 0],
		[167, "U2_5", -1376.97, 974.41, "T", "DIP", "POT2", "", "C", 66.93, 66.93, 39.37, 0],
		[168, "U2_5", -1376.97, 974.41, "B", "DIP", "POT2", "", "C", 66.93, 66.93, 39.37, 0],
		[169, "U2_6", 1378.94, 925.2, "T", "DIP", "VCC", "", "C", 66.93, 66.93, 39.37, 0],
		[170, "U2_6", 1378.94, 925.2, "B", "DIP", "VCC", "", "C", 66.93, 66.93, 39.37, 0]
	]
}
}